neighbors,.metric,mean,std_err
148,rmse,58.41536281633721,20.874832786520376
